schematicID,diagramNo,order,partID
WRT318FZDW09-01,WRT318FZDW09-01,1,LW10636410
WRT318FZDW09-01,WRT318FZDW09-01,2,LW10668874
WRT318FZDW09-01,WRT318FZDW09-01,3,W11575716
WRT318FZDW09-01,WRT318FZDW09-01,4,WPW10170540
WRT318FZDW09-01,WRT318FZDW09-01,5,WPW10672333
WRT318FZDW09-01,WRT318FZDW09-01,6,WPW10672334
WRT318FZDW09-01,WRT318FZDW09-01,7,W10806512
WRT318FZDW09-01,WRT318FZDW09-01,8,WP489357
WRT318FZDW09-01,WRT318FZDW09-01,9,W10838574
WRT318FZDW09-01,WRT318FZDW09-01,10,W11240749
WRT318FZDW09-01,WRT318FZDW09-01,11,W11784834
WRT318FZDW09-01,WRT318FZDW09-01,12,W11097831
WRT318FZDW09-01,WRT318FZDW09-01,13,W11178521
WRT318FZDW09-01,WRT318FZDW09-01,14,W11129820
WRT318FZDW09-01,WRT318FZDW09-01,15,LW10636409
WRT318FZDW09-01,WRT318FZDW09-01,16,LW10668875
WRT318FZDW09-01,WRT318FZDW09-01,17,LW10638683
WRT318FZDW09-01,WRT318FZDW09-01,18,W10830984
WRT318FZDW09-01,WRT318FZDW09-01,19,W10830983
WRT318FZDW09-01,WRT318FZDW09-01,20,W10830982
WRT318FZDW09-01,WRT318FZDW09-01,21,WP2183003
WRT318FZDW09-01,WRT318FZDW09-01,22,W10861499
WRT318FZDW09-01,WRT318FZDW09-01,23,W11229610
WRT318FZDW09-01,WRT318FZDW09-01,24,W11574983
WRT318FZDW09-01,WRT318FZDW09-01,25,WP8281206
WRT318FZDW09-01,WRT318FZDW09-01,26,W11745278
WRT318FZDW09-01,WRT318FZDW09-01,27,WP488921
WRT318FZDW09-01,WRT318FZDW09-01,28,WP2212648
WRT318FZDW09-01,WRT318FZDW09-01,29,WP2212651
WRT318FZDW09-01,WRT318FZDW09-01,30,WP2254517
WRT318FZDW09-01,WRT318FZDW09-01,31,WP2156003
WRT318FZDW09-01,WRT318FZDW09-01,32,WP2218113
WRT318FZDW09-01,WRT318FZDW09-01,33,WP2188234
WRT318FZDW09-01,WRT318FZDW09-01,34,W11106290
WRT318FZDW09-01,WRT318FZDW09-01,35,W11170805
WRT318FZDW09-01,WRT318FZDW09-01,36,W11126055
WRT318FZDW09-01,WRT318FZDW09-01,37,W11402852
WRT318FZDW09-01,WRT318FZDW09-01,38,WPW10511911
WRT318FZDW09-02,WRT318FZDW09-02,1,WP2264462
WRT318FZDW09-02,WRT318FZDW09-02,2,W10849448
WRT318FZDW09-02,WRT318FZDW09-02,3,W10854527
WRT318FZDW09-02,WRT318FZDW09-02,4,WP941839
WRT318FZDW09-02,WRT318FZDW09-02,5,WP488163
WRT318FZDW09-02,WRT318FZDW09-02,6,W11436564
WRT318FZDW09-02,WRT318FZDW09-02,7,WP4387478
WRT318FZDW09-02,WRT318FZDW09-02,8,W11544659
WRT318FZDW09-02,WRT318FZDW09-02,9,WP2315539
WRT318FZDW09-02,WRT318FZDW09-02,10,WP2163777
WRT318FZDW09-02,WRT318FZDW09-02,11,W10919804
WRT318FZDW09-02,WRT318FZDW09-02,12,W11438736
WRT318FZDW09-02,WRT318FZDW09-02,13,W11666427
WRT318FZDW09-02,WRT318FZDW09-02,14,WPW10384183
WRT318FZDW09-02,WRT318FZDW09-02,15,W11562262
WRT318FZDW09-02,WRT318FZDW09-02,16,W11216993
WRT318FZDW09-02,WRT318FZDW09-02,17,W2254454
WRT318FZDW09-02,WRT318FZDW09-02,18,W11123941
WRT318FZDW09-02,WRT318FZDW09-02,19,W10850162
WRT318FZDW09-02,WRT318FZDW09-02,20,W11256504
WRT318FZDW09-02,WRT318FZDW09-02,21,W10638176
WRT318FZDW09-02,WRT318FZDW09-02,22,W11244470
WRT318FZDW09-02,WRT318FZDW09-02,23,W10861170
WRT318FZDW09-02,WRT318FZDW09-02,24,W11562214
WRT318FZDW09-02,WRT318FZDW09-02,25,W11026417
WRT318FZDW09-02,WRT318FZDW09-02,26,W11562261
WRT318FZDW09-02,WRT318FZDW09-02,27,W11562260
WRT318FZDW09-02,WRT318FZDW09-02,28,W11512421
WRT318FZDW09-03,WRT318FZDW09-03,1,W11595235
WRT318FZDW09-03,WRT318FZDW09-03,2,W10860753
WRT318FZDW09-03,WRT318FZDW09-03,3,WP3400065
WRT318FZDW09-03,WRT318FZDW09-03,4,W11674479
WRT318FZDW09-03,WRT318FZDW09-03,5,WPW10628707
WRT318FZDW09-03,WRT318FZDW09-03,6,W10861806
WRT318FZDW09-03,WRT318FZDW09-03,7,W10861519
WRT318FZDW09-03,WRT318FZDW09-03,8,W11590562
WRT318FZDW09-03,WRT318FZDW09-03,9,W11164152
WRT318FZDW09-03,WRT318FZDW09-03,10,W11175807
WRT318FZDW09-03,WRT318FZDW09-03,11,W11674475
WRT318FZDW09-03,WRT318FZDW09-03,12,W11084244
WRT318FZDW09-03,WRT318FZDW09-03,13,W11025414
WRT318FZDW09-03,WRT318FZDW09-03,14,W11674478
WRT318FZDW09-04,WRT318FZDW09-04,1,LW10636410
WRT318FZDW09-04,WRT318FZDW09-04,2,LW10668874
WRT318FZDW09-04,WRT318FZDW09-04,3,W11575716
WRT318FZDW09-04,WRT318FZDW09-04,4,WPW10170540
WRT318FZDW09-04,WRT318FZDW09-04,5,WPW10672333
WRT318FZDW09-04,WRT318FZDW09-04,6,WPW10672334
WRT318FZDW09-04,WRT318FZDW09-04,7,W10806512
WRT318FZDW09-04,WRT318FZDW09-04,8,WP489357
WRT318FZDW09-04,WRT318FZDW09-04,9,W10838574
WRT318FZDW09-04,WRT318FZDW09-04,10,W11240749
WRT318FZDW09-04,WRT318FZDW09-04,11,W11784834
WRT318FZDW09-04,WRT318FZDW09-04,12,W11097831
WRT318FZDW09-04,WRT318FZDW09-04,13,W11178521
WRT318FZDW09-04,WRT318FZDW09-04,14,W11129820
WRT318FZDW09-04,WRT318FZDW09-04,15,LW10636409
WRT318FZDW09-04,WRT318FZDW09-04,16,LW10668875
WRT318FZDW09-04,WRT318FZDW09-04,17,LW10638683
WRT318FZDW09-04,WRT318FZDW09-04,18,W10830984
WRT318FZDW09-04,WRT318FZDW09-04,19,W10830983
WRT318FZDW09-04,WRT318FZDW09-04,20,W10830982
WRT318FZDW09-04,WRT318FZDW09-04,21,WP2183003
WRT318FZDW09-04,WRT318FZDW09-04,22,W10861499
WRT318FZDW09-04,WRT318FZDW09-04,23,W11229610
WRT318FZDW09-04,WRT318FZDW09-04,24,W11574983
WRT318FZDW09-04,WRT318FZDW09-04,25,WP8281206
WRT318FZDW09-04,WRT318FZDW09-04,26,W11745278
WRT318FZDW09-04,WRT318FZDW09-04,27,WP488921
WRT318FZDW09-04,WRT318FZDW09-04,28,WP2212648
WRT318FZDW09-04,WRT318FZDW09-04,29,WP2212651
WRT318FZDW09-04,WRT318FZDW09-04,30,WP2254517
WRT318FZDW09-04,WRT318FZDW09-04,31,WP2156003
WRT318FZDW09-04,WRT318FZDW09-04,32,WP2218113
WRT318FZDW09-04,WRT318FZDW09-04,33,WP2188234
WRT318FZDW09-04,WRT318FZDW09-04,34,W11106290
WRT318FZDW09-04,WRT318FZDW09-04,35,W11170805
WRT318FZDW09-04,WRT318FZDW09-04,36,W11126055
WRT318FZDW09-04,WRT318FZDW09-04,37,W11402852
WRT318FZDW09-04,WRT318FZDW09-04,38,WPW10511911
WRT318FZDW09-04,WRT318FZDW09-04,39,ARI7C4B781E09F4C135E8A56A812FBF5A4D
WRT318FZDW09-04,WRT318FZDW09-04,40,W11416038
WRT318FZDW09-04,WRT318FZDW09-04,41,W11415957
WRT318FZDW09-04,WRT318FZDW09-04,42,W10676240
WRT318FZDW09-05,WRT318FZDW09-05,1,W10624648
WRT318FZDW09-05,WRT318FZDW09-05,2,W10633582
WRT318FZDW09-05,WRT318FZDW09-05,3,W11512423
WRT318FZDW09-05,WRT318FZDW09-05,4,W11504445
WRT318FZDW09-05,WRT318FZDW09-05,5,W11506623
WRT318FZDW09-05,WRT318FZDW09-05,6,W11562215
WRT318FZDW09-05,WRT318FZDW09-05,7,W11562258
WRT318FZDW09-05,WRT318FZDW09-05,8,W11504419
WRT318FZDW09-05,WRT318FZDW09-05,9,W11504449
WRT318FZDW09-05,WRT318FZDW09-05,10,WP489128
WRT318FZDW09-05,WRT318FZDW09-05,11,W11562216
WRT318FZDW09-05,WRT318FZDW09-05,12,W11567497
WRT318FZDW09-05,WRT318FZDW09-05,13,W11399989
WRT318FZDW09-05,WRT318FZDW09-05,14,WP489478
WRT318FZDW09-05,WRT318FZDW09-05,15,W11611445
WRT318FZDW09-05,WRT318FZDW09-05,16,WPW10339879
WRT318FZDW09-05,WRT318FZDW09-05,17,W11736795
WRT318FZDW09-05,WRT318FZDW09-05,18,W11678963
WRT318FZDW09-05,WRT318FZDW09-05,19,W11547180
WRT318FZDW09-05,WRT318FZDW09-05,20,2219077
WRT318FZDW09-05,WRT318FZDW09-05,21,WPW10475495
WRT318FZDW09-05,WRT318FZDW09-05,22,W11594405
WRT318FZDW09-05,WRT318FZDW09-05,23,W10812039
WRT318FZDW09-05,WRT318FZDW09-05,24,W11417341
WRT318FZDW09-05,WRT318FZDW09-05,25,W11340313
WRT318FZDW09-05,WRT318FZDW09-05,26,W10829281
WRT318FZDW09-05,WRT318FZDW09-05,27,W11127829
WRT318FZDW09-05,WRT318FZDW09-05,28,W10843121
WRT318FZDW09-05,WRT318FZDW09-05,29,W11504445
WRT318FZDW09-05,WRT318FZDW09-05,30,W11504449
WRT318FZDW09-05,WRT318FZDW09-05,31,W10852725
WRT318FZDW09-05,WRT318FZDW09-05,32,W11661102
WRT318FZDW09-05,WRT318FZDW09-05,33,WP489442
WRT318FZDW09-05,WRT318FZDW09-05,34,W11582579
WRT318FZDW09-05,WRT318FZDW09-05,35,W11504415
WRT318FZDW09-05,WRT318FZDW09-05,36,W11504431
WRT318FZDW09-05,WRT318FZDW09-05,37,W11506619
WRT318FZDW09-05,WRT318FZDW09-05,38,W11506635
WRT318FZDW09-05,WRT318FZDW09-05,39,W11193484
WRT318FZDW09-05,WRT318FZDW09-05,40,W11562211
WRT318FZDW09-05,WRT318FZDW09-05,41,W11383479
WRT318FZDW09-05,WRT318FZDW09-05,42,W11553819
WRT318FZDW09-05,WRT318FZDW09-05,43,W10633573
WRT318FZDW09-06,WRT318FZDW09-06,1,W11729596
WRT318FZDW09-06,WRT318FZDW09-06,2,8003RP
WRT318FZDW09-06,WRT318FZDW09-06,3,WP503695
WRT318FZDW09-06,WRT318FZDW09-06,4,WP505587
WRT318FZDW09-06,WRT318FZDW09-06,5,479502
WRT318FZDW09-06,WRT318FZDW09-06,6,212643
WRT318FZDW09-06,WRT318FZDW09-06,7,511873
WRT318FZDW09-06,WRT318FZDW09-06,8,606755
WRT318FZDW09-06,WRT318FZDW09-06,9,876029
WRT318FZDW09-06,WRT318FZDW09-06,10,876370
WRT318FZDW09-06,WRT318FZDW09-06,11,876370
WRT318FZDW09-06,WRT318FZDW09-06,12,876370
WRT318FZDW09-06,WRT318FZDW09-06,13,833938
WRT318FZDW09-06,WRT318FZDW09-06,14,WP4317852
WRT318FZDW09-06,WRT318FZDW09-06,15,WP542638